{
  "project_info": {
    "project_number": "104808718331",
    "project_id": "matsurot-c4edb",
    "storage_bucket": "matsurot-c4edb.appspot.com"
  },
  "client": [
    {
      "client_info": {
        "mobilesdk_app_id": "1:104808718331:android:54244542bbb836e909755e",
        "android_client_info": {
          "package_name": "com.haeril.lail"
        }
      },
      "oauth_client": [
        {
          "client_id": "104808718331-s7in8neb291ilqmfn0v8jim77qq0usn9.apps.googleusercontent.com",
          "client_type": 1,
          "android_info": {
            "package_name": "com.haeril.lail",
            "certificate_hash": "7836eb759657f821ddd18e8a06a78fe839745be7"
          }
        },
        {
          "client_id": "104808718331-0qor79o186qi6dvvadvs1hr9j42g1hld.apps.googleusercontent.com",
          "client_type": 3
        }
      ],
      "api_key": [
        {
          "current_key": "AIzaSyChpkkJ8lAxEknsQBDFDxzfdkCorBWzohk"
        }
      ],
      "services": {
        "appinvite_service": {
          "other_platform_oauth_client": [
            {
              "client_id": "104808718331-0qor79o186qi6dvvadvs1hr9j42g1hld.apps.googleusercontent.com",
              "client_type": 3
            }
          ]
        }
      }
    }
  ],
  "configuration_version": "1"
}